,파일명,권수,트랙번호,제목,작곡자
0,"Vol 01 - Track  1 - Twinkle, Twinkle, Little Star Variations. - S. Suzuki.mp3",Vol 01,Track  1,"Twinkle, Twinkle, Little Star Variations.",S. Suzuki
1,Vol 01 - Track  2 - Lightly Row.  - Folk Song.mp3,Vol 01,Track  2,Lightly Row.,Folk Song
2,Vol 01 - Track  3 - Song of the Wind.  - Folk Song.mp3,Vol 01,Track  3,Song of the Wind.,Folk Song
3,Vol 01 - Track  4 - Go Tell Aunt Rhody.  - Folk Song.mp3,Vol 01,Track  4,Go Tell Aunt Rhody.,Folk Song
4,Vol 01 - Track  5 - O Come Little Children.  - Folk Song.mp3,Vol 01,Track  5,O Come Little Children.,Folk Song
5,Vol 01 - Track  6 - May Song.  - Folk Song.mp3,Vol 01,Track  6,May Song.,Folk Song
6,"Vol 01 - Track  7 - Long, Long Ago.  - T.H. Bayly.mp3",Vol 01,Track  7,"Long, Long Ago.",T.H. Bayly
7,Vol 01 - Track  8 - Allegro.  - S. Suzuki.mp3,Vol 01,Track  8,Allegro.,S. Suzuki
8,Vol 01 - Track  9 - Perpetual Motion.  - S. Suzuki.mp3,Vol 01,Track  9,Perpetual Motion.,S. Suzuki
9,Vol 01 - Track 10 - Allegretto.  - S. Suzuki.mp3,Vol 01,Track 10,Allegretto.,S. Suzuki
10,Vol 01 - Track 11 - Andantino.  - S. Suzuki.mp3,Vol 01,Track 11,Andantino.,S. Suzuki
11,Vol 01 - Track 12 - Etude.  - S. Suzuki.mp3,Vol 01,Track 12,Etude.,S. Suzuki
12,Vol 01 - Track 13 - Minuet 1 - J.S. Bach.mp3,Vol 01,Track 13,Minuet 1,J.S. Bach
13,Vol 01 - Track 14 - Minuet 2 - J.S.Bach.mp3,Vol 01,Track 14,Minuet 2,J.S.Bach
14,Vol 01 - Track 15 - Minuet 3. - J.S. Bach.mp3,Vol 01,Track 15,Minuet 3.,J.S. Bach
15,Vol 01 - Track 16 - The Happy Farmer. - R. Schumann.mp3,Vol 01,Track 16,The Happy Farmer.,R. Schumann
16,Vol 01 - Track 17 - Gavotte. - F.J. Gossec.mp3,Vol 01,Track 17,Gavotte.,F.J. Gossec
17,Vol 02 - Track  1 - Chorus from Judas Maccabaeus.  - G.F. Handel.mp3,Vol 02,Track  1,Chorus from Judas Maccabaeus.,G.F. Handel
18,Vol 02 - Track  2 - Musette.  - J.S. Bach.mp3,Vol 02,Track  2,Musette.,J.S. Bach
19,Vol 02 - Track  3 - HuntersnChorus. - C.M. von Weber.mp3,Vol 02,Track  3,HuntersnChorus.,C.M. von Weber
20,"Vol 02 - Track  4 - Long, Long Ago. - T.H. Bayly.mp3",Vol 02,Track  4,"Long, Long Ago.",T.H. Bayly
21,Vol 02 - Track  5 - Waltz. - J. Brahms.mp3,Vol 02,Track  5,Waltz.,J. Brahms
22,Vol 02 - Track  6 - Bourree. - G.F. Handel.mp3,Vol 02,Track  6,Bourree.,G.F. Handel
23,Vol 02 - Track  7 - The Two Grenadiers.  - R. Schumann.mp3,Vol 02,Track  7,The Two Grenadiers.,R. Schumann
24,Vol 02 - Track  8 - Theme fromWitches Dance.  - N. Paganini.mp3,Vol 02,Track  8,Theme fromWitches Dance.,N. Paganini
25,Vol 02 - Track  9 - Gavotte from Mignon.  - A. Thomas.mp3,Vol 02,Track  9,Gavotte from Mignon.,A. Thomas
26,Vol 02 - Track 10 - Gavotte.  - J.B. Lully.mp3,Vol 02,Track 10,Gavotte.,J.B. Lully
27,Vol 02 - Track 11 - Minuet in G.  - L. van Beethoven.mp3,Vol 02,Track 11,Minuet in G.,L. van Beethoven
28,Vol 02 - Track 12 - Minuet.  - L. Boccherini.mp3,Vol 02,Track 12,Minuet.,L. Boccherini
29,Vol 03 - Track  1 - Gavotte. - P. Martini.mp3,Vol 03,Track  1,Gavotte.,P. Martini
30,Vol 03 - Track  2 - Minuet.  - J.S. Bach.mp3,Vol 03,Track  2,Minuet.,J.S. Bach
31,Vol 03 - Track  3 - Gavotte in G Minor. - J.S. Bach.mp3,Vol 03,Track  3,Gavotte in G Minor.,J.S. Bach
32,Vol 03 - Track  4 - Humoresque. - A. Dvorak.mp3,Vol 03,Track  4,Humoresque.,A. Dvorak
33,Vol 03 - Track  5 - Gavotte. - J. Becker.mp3,Vol 03,Track  5,Gavotte.,J. Becker
34,Vol 03 - Track  6 - Gavotte in D Major. - J.S. Bach.mp3,Vol 03,Track  6,Gavotte in D Major.,J.S. Bach
35,Vol 03 - Track  7 - Bourree. - J.S.Bach.mp3,Vol 03,Track  7,Bourree.,J.S.Bach
36,Vol 04 - Track  02 - Concerto nº 5. 1st Movement.  - F. Seitz.mp3,Vol 04,Track  02,Concerto nº 5. 1st Movement.,F. Seitz
37,"Vol 04 - Track  03 - Concerto nº 5, 3rd Movement. - F. Seitz.mp3",Vol 04,Track  03,"Concerto nº 5, 3rd Movement.",F. Seitz
38,"Vol 04 - Track  04 - Concerto in A Minor, 1st Movement. - A. Vivaldi.mp3",Vol 04,Track  04,"Concerto in A Minor, 1st Movement.",A. Vivaldi
39,"Vol 04 - Track  05 - Concerto in A Minor, 3rd Movement. - A. Vivaldi.mp3",Vol 04,Track  05,"Concerto in A Minor, 3rd Movement.",A. Vivaldi
40,"Vol 04 - Track  06 - Concerto for Two Violins, 1st Movement, Violin II. - J.S. Bach (1).mp3",Vol 04,Track  06,"Concerto for Two Violins, 1st Movement, Violin II.",J.S. Bach (1)
41,"Vol 04 - Track 01 - Concerto nº 2, 3rd Movement. - F. Seitz.mp3",Vol 04,Track 01,"Concerto nº 2, 3rd Movement.",F. Seitz
42,Vol 05 - Track 01 - Gavotte - J.S. Bach.mp3,Vol 05,Track 01,Gavotte,J.S. Bach
43,Vol 05 - Track 02 - Concerto in A Minor - A. Vivaldi.mp3,Vol 05,Track 02,Concerto in A Minor,A. Vivaldi
44,Vol 05 - Track 03 - Concerto in A Minor - A. Vivaldi (Orquesta ).mp3,Vol 05,Track 03,Concerto in A Minor,A. Vivaldi (Orquesta )
45,Vol 05 - Track 04 - Concerto in G minor Allegro - A. Vivaldi.mp3,Vol 05,Track 04,Concerto in G minor Allegro,A. Vivaldi
46,Vol 05 - Track 05 - Adagio - NA.mp3,Vol 05,Track 05,Adagio,NA
47,Vol 05 - Track 06 - Allegro - NA.mp3,Vol 05,Track 06,Allegro,NA
48,Vol 05 - Track 07 - Allegro Concerto in G minor - A. Vivaldi (Orquesta).mp3,Vol 05,Track 07,Allegro Concerto in G minor,A. Vivaldi (Orquesta)
49,Vol 05 - Track 08 - Adagio - NA.mp3,Vol 05,Track 08,Adagio,NA
50,Vol 05 - Track 09 - Allegro - NA.mp3,Vol 05,Track 09,Allegro,NA
51,Vol 05 - Track 10 - Counry Dance - C.M. von Weber.mp3,Vol 05,Track 10,Counry Dance,C.M. von Weber
52,Vol 05 - Track 11 - German Dance - K.D. Dittersdorf.mp3,Vol 05,Track 11,German Dance,K.D. Dittersdorf
53,Vol 05 - Track 12 - Gigue from Sonata in D minor - F.M. Veracini.mp3,Vol 05,Track 12,Gigue from Sonata in D minor,F.M. Veracini
54,Vol 05 - Track 13 - Concerto for Two Violins - J.S Bach.mp3,Vol 05,Track 13,Concerto for Two Violins,J.S Bach
55,"Vol 07 - Track 01 - Minuet from Quartet in D Minor, - W.A. Mozart.mp3",Vol 07,Track 01,"Minuet from Quartet in D Minor,",W.A. Mozart
56,"Vol 07 - Track 02 - Courante, - A Corelli.mp3",Vol 07,Track 02,"Courante,",A Corelli
57,"Vol 07 - Track 03 - Sonata Nº 1 in A Major, Andante, - G.F. Handel.mp3",Vol 07,Track 03,"Sonata Nº 1 in A Major, Andante,",G.F. Handel
58,"Vol 07 - Track 04 -  Sonata Nº 1 in A Major, Allegro, - G.F. Handel.mp3",Vol 07,Track 04,"Sonata Nº 1 in A Major, Allegro,",G.F. Handel
59,"Vol 07 - Track 05 - Sonata Nº 1 in A Major, Adagio, - G.F. Handel.mp3",Vol 07,Track 05,"Sonata Nº 1 in A Major, Adagio,",G.F. Handel
60,"Vol 07 - Track 06 - Sonata Nº 1 in A Major, Allegro. - G.F. Handel.mp3",Vol 07,Track 06,"Sonata Nº 1 in A Major, Allegro.",G.F. Handel
61,"Vol 07 - Track 07 -  Concerto Nº 1, Allegro moderato, - J.S. Bach.mp3",Vol 07,Track 07,"Concerto Nº 1, Allegro moderato,",J.S. Bach
62,"Vol 07 - Track 08 - Concerto Nº 1, Andante, - J.S. Bach.mp3",Vol 07,Track 08,"Concerto Nº 1, Andante,",J.S. Bach
63,"Vol 07 - Track 09 - Concerto Nº 1, Allegro assai, - J.S. Bach.mp3",Vol 07,Track 09,"Concerto Nº 1, Allegro assai,",J.S. Bach
64,"Vol 07 - Track 10 - Gigue, - J.S. Bach.mp3",Vol 07,Track 10,"Gigue,",J.S. Bach
65,"Vol 07 - Track 11 - Courante, - J.S.Bach.mp3",Vol 07,Track 11,"Courante,",J.S.Bach
66,"Vol 07 - Track 12 - Allegro, - A. Corelli.mp3",Vol 07,Track 12,"Allegro,",A. Corelli
67,"Vol 08 - Track 12 - Sonata in E Minor, Allegro, - F.M. Veracini.mp3",Vol 08,Track 12,"Sonata in E Minor, Allegro,",F.M. Veracini
